Country Name,Country Code,Indicator Name,2000,2001,2002,2003,2004,2005,2006,2007,2008,2009,2010,2011,2012,2013,2014,2015,2016,2017,2018,2019,2020,2021,2022,2023,2024,
Aruba,ABW,Market capitalization of listed domestic companies (% of GDP),"","","","","","","","","","","","","","","","","","","","","","","","","",
Afghanistan,AFG,Market capitalization of listed domestic companies (% of GDP),"","","","","","","","","","","","","","","","","","","","","","","","","",
Angola,AGO,Market capitalization of listed domestic companies (% of GDP),"","","","","","","","","","","","","","","","","","","","","","","","","",
Albania,ALB,Market capitalization of listed domestic companies (% of GDP),"","","","","","","","","","","","","","","","","","","","","","","","","",
Andorra,AND,Market capitalization of listed domestic companies (% of GDP),"","","","","","","","","","","","","","","","","","","","","","","","","",
United Arab Emirates,ARE,Market capitalization of listed domestic companies (% of GDP),"","","","","","","",48.9325845283505,34.02944156019,54.5239203764302,43.8026499708063,25.9750958620613,26.3456194495341,45.0565844898498,48.6830034541182,52.8995642695064,57.7412832435683,59.4350582624859,54.1804935393129,59.0490069877708,84.3647226156973,133.692158579232,173.763029329514,193.369138815508,196.27702169845,
Argentina,ARG,Market capitalization of listed domestic companies (% of GDP),16.1290412248255,12.4244152562322,16.9569392155608,27.4280508755432,24.6534557360052,23.946359886693,22.0333391526542,19.8483841980828,11.0218432201051,13.7381863641294,15.0863203529933,8.22014945932331,6.27396625321678,9.61999483859266,11.4269032684242,9.43836863309546,11.4076106061133,16.8948497510525,8.76225361679707,8.79801852253825,8.36065160246713,8.58081622666602,8.36736107358926,"","",
Armenia,ARM,Market capitalization of listed domestic companies (% of GDP),"","","","","","","","","","","","","","","","","","",0.383771292314693,0.403545249598453,0.213183377396629,0.212696839421871,1.29484672225421,1.16222249561655,18.7967884134297,
American Samoa,ASM,Market capitalization of listed domestic companies (% of GDP),"","","","","","","","","","","","","","","","","","","","","","","","","",
Antigua and Barbuda,ATG,Market capitalization of listed domestic companies (% of GDP),"","","","","","","","","","","","","","","","","","","","","","","","","",
Australia,AUS,Market capitalization of listed domestic companies (% of GDP),89.577890572046,98.815025169222,96.0328083721773,125.182973862793,126.314187544107,115.57036467233,146.423335650303,151.848387632584,64.7536703852008,135.870026259701,126.605341606122,85.6698351657442,89.6184187511424,86.6107364292327,87.7708061664944,87.8477493445524,105.108937364321,113.796208083907,88.4432185061928,106.812166424017,129.519570283705,121.240921281706,99.3088529440474,103.510800406806,99.1389650150588,
Austria,AUT,Market capitalization of listed domestic companies (% of GDP),15.2589335726408,12.8281292302235,15.7764367366494,21.6743944726516,29.3359678138249,40.2135811811776,57.7319131527299,61.1356607274506,17.7732027443837,28.5697202695265,32.3301630837915,19.8784423232203,26.0692447167614,27.5848073777544,22.0702317031415,25.3142847952661,30.7291374574845,36.3067004353975,25.8079030703192,30.0458543542059,30.406072576452,33.9021966839205,26.0820003958763,27.0935115884247,23.1541405577547,
Azerbaijan,AZE,Market capitalization of listed domestic companies (% of GDP),"","","","","","","","","","","","","","","","","","","",4.51253660120982,3.35973110345958,2.90985502643686,1.86274218553481,2.17767956052381,2.20049866626562,
Burundi,BDI,Market capitalization of listed domestic companies (% of GDP),"","","","","","","","","","","","","","","","","","","","","","","","","",
Belgium,BEL,Market capitalization of listed domestic companies (% of GDP),77.0634840987753,70.0509832498738,49.3671271351809,54.5621354353657,74.0077279672413,74.7912935279234,97.0381826331265,81.8719049070703,32.323460470183,53.5589278420989,55.8036882326585,43.4981615330493,60.0940023133312,71.4229562471315,70.3595988523225,89.9167302576445,79.7315946747612,87.3998522006743,59.1725980275377,"","","","","","",
Benin,BEN,Market capitalization of listed domestic companies (% of GDP),"","","","","","","","","","","","","","","","","","","","","","","","","",
Burkina Faso,BFA,Market capitalization of listed domestic companies (% of GDP),"","","","","","","","","","","","","","","","","","","","","","","","","",
Bangladesh,BGD,Market capitalization of listed domestic companies (% of GDP),4.10752995306577,1.81195893415529,27.2129921496854,"","",4.74928024229449,5.36286721925589,10.9691992958956,12.7907617406419,20.4234180941606,36.1020820041211,37.0892339567701,"",34.1059370512267,39.5969990649654,33.5567501494932,26.5508730809515,29.3392000067805,24.0819788267218,18.3401778158872,24.0049718864107,26.2482228968323,25.0428850552811,25.5037744630994,19.5374016737392,
Bulgaria,BGR,Market capitalization of listed domestic companies (% of GDP),0.974559072785377,0.579548861756377,4.39942736608299,8.30041847702507,10.7193879856501,17.0266103826171,30.0314394491755,48.7667047933358,16.3001256909391,16.6330983038396,14.5521760593767,14.3083651037476,"","","","","","",23.6257905381167,23.3121468701498,25.1032405524218,20.1677745704169,17.351367145301,7.65710150559698,7.49783761646697,
Bahrain,BHR,Market capitalization of listed domestic companies (% of GDP),73.0930582659604,73.5222293003066,78.0116950650456,86.9250729444086,102.970993799121,108.742693829694,114.145707760654,124.658766682006,77.5832300642372,70.8975297892002,74.8330297002198,55.4575530409178,"","",63.4625440266412,59.1916295683291,57.235890609995,58.3423964955347,55.2536437426567,66.4632908995266,68.6655003543612,70.2449817399414,65.1388033624375,44.6098322863103,42.7504186305644,
"Bahamas, The",BHS,Market capitalization of listed domestic companies (% of GDP),"","","","","","","","","","","","","","","","","","","","","","","","","",
Bosnia and Herzegovina,BIH,Market capitalization of listed domestic companies (% of GDP),"","","","","","","","","","","","","","","","","","","","","","","","","",
Belarus,BLR,Market capitalization of listed domestic companies (% of GDP),"","","","","","","","","","","","","","",0.729333353479127,0.945907673467445,2.59567890788739,"","","","",4.06279282588662,3.38407849706567,4.72221100706981,7.91343124955594,
Belize,BLZ,Market capitalization of listed domestic companies (% of GDP),"","","","","","","","","","","","","","","","","","","","","","","","","",
Bermuda,BMU,Market capitalization of listed domestic companies (% of GDP),61.6627861637443,69.5017474608632,54.6831425561334,69.2865801589624,41.2388512684118,43.6466853021362,44.0027669270833,40.3592433870253,27.3972779369627,20.435546875,23.1357899569615,19.5216271475984,23.3122636084104,22.6887621493913,24.9685531061174,27.8005650577553,36.5458141628288,38.065943875908,33.1193968649499,39.9449583179822,3.20006318818056,3.36075111827279,2.62877805887218,2.23446313788561,21.4690095988953,
Bolivia,BOL,Market capitalization of listed domestic companies (% of GDP),"","","","","","","","","","","","","","","","","","","","","","","","","",
Brazil,BRA,Market capitalization of listed domestic companies (% of GDP),34.5034586965952,33.2576879799093,24.8651834399039,42.0182480595282,49.357806616413,53.2333855853127,64.1233686112181,98.0385847662427,34.9066117594868,80.2189884183531,69.971896461306,46.9748793579181,49.7904095760441,41.2668743240925,34.3599012775913,27.21844342998,42.2432294418921,46.2664487765831,47.8276476278758,63.3838235244836,66.9581653036492,48.8359602711381,40.699224128175,45.2367979654704,30.2334687320578,
Barbados,BRB,Market capitalization of listed domestic companies (% of GDP),55.7780683118157,60.1505974791292,"","","","","","","","",42.120412310206,85.499117420857,"",74.3395314932266,50.0112123110784,55.7688690143371,58.0877610075033,60.7343344201281,62.9064425506014,58.7047500055284,53.797304473389,"","","","",
Brunei Darussalam,BRN,Market capitalization of listed domestic companies (% of GDP),"","","","","","","","","","","","","","","","","","","","","","","","","",
Bhutan,BTN,Market capitalization of listed domestic companies (% of GDP),"","","","","","","","","","","","","","","","","","","","","","","","","",
Botswana,BWA,Market capitalization of listed domestic companies (% of GDP),16.8893284593426,"","","","","","","","","","","","","","","","","",23.685729548957,21.2912803799483,22.0298433857843,16.8476229216707,152.673343225707,18.5177505728581,"",
Central African Republic,CAF,Market capitalization of listed domestic companies (% of GDP),"","","","","","","","","","","","","","","","","","","","","","","","","",
Canada,CAN,Market capitalization of listed domestic companies (% of GDP),103.500141588137,83.2586047944362,116.831457041084,101.640345797861,114.690672619493,126.346747568222,128.913321846832,148.864363431601,66.5588326938396,122.028302011667,134.24451997318,106.666121933061,112.667432969218,114.471175200682,116.041579457855,102.370078691396,130.466596582731,143.522053482469,112.320751199607,138.15815488345,159.538527603603,163.313466014962,126.043526032141,142.597821347837,150.562066051726,
Switzerland,CHE,Market capitalization of listed domestic companies (% of GDP),283.764488384759,184.015277518579,198.080931922611,200.815468143075,205.266553359768,224.415879358657,274.555956843088,259.74137859237,155.188515971916,192.10785405491,205.285869544725,152.191289307885,179.691521499822,218.15684108399,205.813679700182,218.885413149087,204.007104415449,242.591347315968,198.624946928415,254.301608931646,269.758015141163,285.499861406335,220.942050283053,228.604263937912,210.494026368695,
Channel Islands,CHI,Market capitalization of listed domestic companies (% of GDP),3.96105197368421,7.28552586605081,3.98939379217274,3.10068748608328,2.15463741438356,6.08727085478888,15.2926162768587,"","","","","","","","","","","","","","","","","","",
Chile,CHL,Market capitalization of listed domestic companies (% of GDP),77.1010495231613,78.6726159885907,70.9139351910661,113.116736816338,118.014743014624,111.610698793356,113.374149313385,123.432605845767,73.2695500853533,134.320182725477,157.473842785354,107.521009039438,117.339397145815,95.5857394651442,89.8615314195602,78.5117428875939,85.2152277842727,106.706932574631,85.4879920737696,146.462516484177,145.290388415649,82.3043810867021,94.6901545749887,85.8519195858762,79.3329036867525,
China,CHN,Market capitalization of listed domestic companies (% of GDP),"","","",30.4636713403437,22.5643099574266,17.3395191009478,41.033691444197,124.272951099968,38.1112495628245,68.8524786238225,65.0431667921056,44.4762288163661,42.6276108457102,40.5326196174462,56.2548972900922,72.5835808340326,63.9029590501553,69.4813653656583,44.7058557619521,58.8558640185154,81.8646786726428,79.3192238397069,62.6166578891979,59.8556765846528,62.7181039133864,
Cote d'Ivoire,CIV,Market capitalization of listed domestic companies (% of GDP),2.63205614807255,5.85483972007078,7.28194354044708,7.76458250724618,8.85839644347985,9.70344838621907,16.4360273561934,28.8774121524282,20.7985797946341,18.0729003780348,20.4890568404792,17.1353615174852,"",27.6398150432403,23.9755925190508,27.2684242942767,25.5406546882353,23.7766952486201,14.4445573479576,13.4146102809389,11.6319843905098,"","","","",
Cameroon,CMR,Market capitalization of listed domestic companies (% of GDP),"","","","","","","","","","","","","","","","","","","","","","","","","",
"Congo, Dem. Rep.",COD,Market capitalization of listed domestic companies (% of GDP),"","","","","","","","","","","","","","","","","","","","","","","","","",
"Congo, Rep.",COG,Market capitalization of listed domestic companies (% of GDP),"","","","","","","","","","","","","","","","","","","","","","","","","",
Colombia,COL,Market capitalization of listed domestic companies (% of GDP),"","","","","",34.6844960912747,34.7384214865918,49.4380919154691,36.1710097864041,60.4468224320426,72.7758488044793,60.0942928506047,70.7061026238885,53.0480485677286,38.491592506046,29.2871156900696,36.7213432955425,38.9516295819788,31.0738880030359,40.8753318985173,39.3252642130379,28.4252677989683,19.7934197203512,21.6237934307051,17.3549231740743,
Comoros,COM,Market capitalization of listed domestic companies (% of GDP),"","","","","","","","","","","","","","","","","","","","","","","","","",
Cabo Verde,CPV,Market capitalization of listed domestic companies (% of GDP),"","","","","","","","","","","","","","","","","","","","","","","","","",
Costa Rica,CRI,Market capitalization of listed domestic companies (% of GDP),"","","",3.013531827231,8.37318749280863,7.53588614603866,8.27543599299201,8.11547066709238,6.18578576204556,4.77621038518597,3.83689077548621,3.50404213023499,"",3.82724764328365,4.90491376894314,4.16980847884777,4.95827999336251,4.97514339723975,3.84670562842194,3.4421455821903,3.04713741374172,3.14199075969421,3.22348803495044,"","",
Cuba,CUB,Market capitalization of listed domestic companies (% of GDP),"","","","","","","","","","","","","","","","","","","","","","","","","",
Curacao,CUW,Market capitalization of listed domestic companies (% of GDP),"","","","","","","","","","","","","","","","","","","","","","","","","",
Cayman Islands,CYM,Market capitalization of listed domestic companies (% of GDP),"","","","","","",3.76164660443945,3.69435126059158,3.46711224165299,3.94701695690109,5.72550150108816,54.3683768366654,46.7561846828652,"","",6.70388251738199,"","",7.91746604009197,6.37927626536013,11.3930894836052,"","","","",
Cyprus,CYP,Market capitalization of listed domestic companies (% of GDP),"","","","","","",80.4972711050561,71.9742018297407,28.687489602589,39.4226008114074,26.4895964077517,10.3225767577169,7.96788111301493,8.78445418868352,17.3556108950289,13.5233429541088,11.9323284463061,12.2998458851113,12.8659230568173,16.3565463641626,18.3648709206791,18.6087858490966,21.1169887236191,30.6316617698877,30.0786427864201,
Czechia,CZE,Market capitalization of listed domestic companies (% of GDP),15.6752059957495,11.9616402452718,12.4157299401065,15.4404213886292,22.3818810013806,25.415522518491,28.4006609337804,36.2623317903537,17.2986326778969,"","","","","","","","","",10.6995505413117,10.2467653377075,10.598397503362,12.8772452312801,9.54471813927969,10.0992152301709,10.034040555881,
Germany,DEU,Market capitalization of listed domestic companies (% of GDP),64.5783239896819,54.5036012508445,32.6307836233992,42.5699149347862,41.8788117991391,41.5476294494245,53.7571829522138,60.423753481629,29.1583623625491,37.1387724909896,41.2242048248427,30.9687124619637,41.3106605376081,50.8419744670843,43.8382863264297,50.1173122307621,48.5061115286821,60.1160538047472,43.3161187312593,53.0215722985443,57.9702083370574,57.5638135227687,45.385377869877,48.1262708825075,43.868663282436,
Djibouti,DJI,Market capitalization of listed domestic companies (% of GDP),"","","","","","","","","","","","","","","","","","","","","","","","","",
Dominica,DMA,Market capitalization of listed domestic companies (% of GDP),"","","","","","","","","","","","","","","","","","","","","","","","","",
Denmark,DNK,Market capitalization of listed domestic companies (% of GDP),68.1638856572036,51.6403909738502,42.9278139702877,55.6910060266206,60.0627719491543,"","","","","","","","","","","","","","","","","","","","",
Dominican Republic,DOM,Market capitalization of listed domestic companies (% of GDP),"","","","","","","","","","","","","","","","","","","","","","","","","",
Algeria,DZA,Market capitalization of listed domestic companies (% of GDP),0.520704383422654,0.318371660835649,0.22409030213247,0.194161912869368,0.151329169261192,0.132398562591105,0.0766116916583422,0.0678421259938725,0.0506222986627452,0.059911941674207,0.0592920836817805,0.090137159694386,0.0734405775890513,0.0769842274328325,0.0704306388685683,0.0768130382510503,0.229127480378834,0.185981841536564,0.190907251680752,"","","","","","",
Ecuador,ECU,Market capitalization of listed domestic companies (% of GDP),4.25896934432397,"","","","","","","","","","","","","","","","","","","","","","","","",
"Egypt, Arab Rep.",EGY,Market capitalization of listed domestic companies (% of GDP),"","","","","","",87.033236198802,106.774079068206,52.8061848129537,48.2203457493763,38.4854411818333,20.6999185106848,21.2033092494178,21.3669771285745,22.9334760798122,16.7569735013708,10.0237151349692,18.7411743209606,15.9967130320175,13.8697170478913,10.7736471638007,11.4750859284717,8.14958485176921,14.0345669269504,10.9482675534796,
Eritrea,ERI,Market capitalization of listed domestic companies (% of GDP),"","","","","","","","","","","","","","","","","","","","","","","","","",
Spain,ESP,Market capitalization of listed domestic companies (% of GDP),84.3031120802178,74.5785556965442,65.1057260368599,79.9859902203386,87.9273737826225,83.133053191255,104.839622557488,121.878348922177,57.9636535663716,95.8540935908394,82.0471947088589,69.3068883641221,74.7627594995076,81.968268158949,71.937512944825,65.2640754107354,56.6808082016392,67.2468190201932,50.5496877632606,56.8071173531385,58.8606120063316,53.0814259140659,46.0075030884494,47.5019795740315,43.7669772260128,
Estonia,EST,Market capitalization of listed domestic companies (% of GDP),"","","","","","","","","","","","","","","","","","","","","","","","","",
Ethiopia,ETH,Market capitalization of listed domestic companies (% of GDP),"","","","","","","","","","","","","","","","","","","","","","","","","",
Finland,FIN,Market capitalization of listed domestic companies (% of GDP),26.3131486341267,15.7439634831696,10.8844080185202,10.9335157949221,10.3031020945572,"","","","","","","","","","","","","","","","","","","","",
Fiji,FJI,Market capitalization of listed domestic companies (% of GDP),"","","","","","","","","","","","","","","","","","","","","","","","","",
France,FRA,Market capitalization of listed domestic companies (% of GDP),106.29519670679,85.7182568456558,64.7947651646464,73.8885242256958,73.8987284218355,80.2187850031749,104.762589273809,103.182610132339,50.3076872405421,72.0789053596651,72.2354205712469,54.1371348632507,67.3941083808224,81.7124216877025,72.901910850665,85.4997526284434,87.3963704443473,106.197544283094,85.0578939321398,"","","","","","",
Faroe Islands,FRO,Market capitalization of listed domestic companies (% of GDP),"","","","","","","","","","","","","","","","","","","","","","","","","",
"Micronesia, Fed. Sts.",FSM,Market capitalization of listed domestic companies (% of GDP),"","","","","","","","","","","","","","","","","","","","","","","","","",
Gabon,GAB,Market capitalization of listed domestic companies (% of GDP),"","","","","","","","","","","","","","","","","","","","","","","","","",
United Kingdom,GBR,Market capitalization of listed domestic companies (% of GDP),154.724549817398,130.286415279177,103.945976561116,118.078028170581,116.287378168462,120.250333047602,139.613810563994,124.460416759666,63.7722901405622,115.89845629125,108.10298507519,110.077124678618,121.593314312355,141.72683505284,116.516588566689,"","","","","","",120.87396614055,99.420077236848,"","",
Georgia,GEO,Market capitalization of listed domestic companies (% of GDP),"","","","","","","","","","","","","","","","","","","","","","","","","",
Ghana,GHA,Market capitalization of listed domestic companies (% of GDP),10.0344167203757,5.26823515196726,5.67610719986902,8.3849492953957,5.40454243952558,5.6772871496019,3.63896879036607,9.67195874920483,9.91785623871593,9.3172332440342,9.15498333072344,7.87689997956728,"","","","","","","",14.5764400139156,13.2090586624488,13.1888635943193,8.74424670153932,7.70916195129239,9.14604718150099,
Gibraltar,GIB,Market capitalization of listed domestic companies (% of GDP),"","","","","","","","","","","","","","","","","","","","","","","","","",
Guinea,GIN,Market capitalization of listed domestic companies (% of GDP),"","","","","","","","","","","","","","","","","","","","","","","","","",
"Gambia, The",GMB,Market capitalization of listed domestic companies (% of GDP),"","","","","","","","","","","","","","","","","","","","","","","","","",
Guinea-Bissau,GNB,Market capitalization of listed domestic companies (% of GDP),"","","","","","","","","","","","","","","","","","","","","","","","","",
Equatorial Guinea,GNQ,Market capitalization of listed domestic companies (% of GDP),"","","","","","","","","","","","","","","","","","","","","","","","","",
Greece,GRC,Market capitalization of listed domestic companies (% of GDP),"",64.1815413232622,44.632122423311,54.1529446610675,53.2989338335821,59.8891276106189,74.5878368366931,84.3214690579654,25.689120662114,34.4621747623098,22.8010785713808,11.9263916299225,18.7892881421409,34.9152599649642,23.5791103806605,21.6272539452675,19.2457692157776,25.2544072239294,17.9892417486249,25.8815811480494,26.6440711364125,27.1375988350427,26.9714579777506,33.3953045668634,32.3549402295324,
Grenada,GRD,Market capitalization of listed domestic companies (% of GDP),"","","","","","","","","","","","","","","","","","","","","","","","","",
Greenland,GRL,Market capitalization of listed domestic companies (% of GDP),"","","","","","","","","","","","","","","","","","","","","","","","","",
Guatemala,GTM,Market capitalization of listed domestic companies (% of GDP),"","","","","","","","","","","","","","","","","","","","","","","","","",
Guam,GUM,Market capitalization of listed domestic companies (% of GDP),"","","","","","","","","","","","","","","","","","","","","","","","","",
Guyana,GUY,Market capitalization of listed domestic companies (% of GDP),"","","","","","","","","","","","","","","","","","","","","","","","","",
"Hong Kong SAR, China",HKG,Market capitalization of listed domestic companies (% of GDP),363.139608849831,298.736712999057,278.363736868074,442.788874856864,509.440625336289,581.044951857205,886.118441322569,1254.46804830981,605.972295634199,1076.92901153341,1185.85197118775,908.616284735038,1078.30715809329,1124.70520227002,1109.25363158042,1029.41894753261,995.21049131838,1274.78907474258,1055.8162420184,1349.37429420264,1777.22631607139,1472.85965725758,1273.22822388706,1043.06847828622,1117.57441730822,
Honduras,HND,Market capitalization of listed domestic companies (% of GDP),"","","","","","","","","","","","","","","","","","","","","","","","","",
Croatia,HRV,Market capitalization of listed domestic companies (% of GDP),12.3998780139833,13.5583983531781,30.3081475697954,17.3802664327952,26.1940995124231,28.6987220750583,58.490652126227,118.423277794295,39.6129742716256,42.7122731242161,43.3967029303034,35.8617483470068,"",35.8962039004038,33.6120773875263,36.1031223448188,38.3265887930673,40.5167174042918,33.4584005692796,36.5367551455574,38.3517895190636,30.4080747129427,27.1571076781359,30.042623215431,30.063687023383,
Haiti,HTI,Market capitalization of listed domestic companies (% of GDP),"","","","","","","","","","","","","","","","","","","","","","","","","",
Hungary,HUN,Market capitalization of listed domestic companies (% of GDP),"","",19.2039594379278,19.5595941329052,27.493871244703,28.8029864122067,36.2742202571842,32.9678369927499,11.6701083040734,22.9624780921384,21.0073353085537,13.2471938623409,16.1595208370787,14.594903020412,10.2837200150974,14.1219795904673,17.4854504189959,22.0140497491068,17.9511899163653,19.9388817541646,17.6507205920878,17.2254896441113,13.4434233860943,18.1557859817935,18.6368325416841,
Indonesia,IDN,Market capitalization of listed domestic companies (% of GDP),16.247930892193,14.3336226195031,15.3668946554687,23.281716735324,28.5202971402515,28.4844556317482,38.095883800266,48.9784294541295,19.3561460935054,39.834952351151,47.7275709740614,43.6864935199337,46.6539488635364,37.9906455128788,47.3866252638771,41.0372565512806,45.6892490757793,51.2679273589803,46.702409553894,46.7627486516114,46.8423380923284,48.7675241379637,46.2654721024627,55.3032910768397,"",
Isle of Man,IMN,Market capitalization of listed domestic companies (% of GDP),"","","","","","","","","","","","","","","","","","","","","","","","","",
India,IND,Market capitalization of listed domestic companies (% of GDP),48.1747500764228,30.6467519464107,33.4380606971708,50.8465706710106,58.597294477825,76.1521145313341,95.2151519574149,161.239453726325,66.003104287215,101.894485676839,105.182951703662,68.2700641693541,76.0772432428783,68.1342663963192,82.7172077979209,82.9615370858036,76.0981248580096,96.3987783868431,153.160482470967,76.2695069175453,95.4245016969537,112.02132346833,101.233056167098,119.283874857038,131.147687519733,
Ireland,IRL,Market capitalization of listed domestic companies (% of GDP),81.7128056928102,68.8615762422796,46.6091352393398,51.6608863548026,58.6943399653274,53.8454695742462,70.3200344608808,53.2825992091305,17.9670954099836,25.922141745234,27.194693774255,44.9135467171777,47.9556111190098,69.9225614243805,53.775372018224,42.3321688111449,39.1938499509241,42.048926445006,27.854658159892,"","","","","","",
"Iran, Islamic Rep.",IRN,Market capitalization of listed domestic companies (% of GDP),24.3500722229384,5.81755414740788,9.14315621347132,18.1317545969017,22.6894182746819,16.197786306152,13.6725455293266,12.5480178581204,11.9961080825601,14.2935007881434,17.7883253757634,17.0231553549583,14.1293510738105,69.1000680796871,25.2308645439577,21.8548037389626,22.0040539754248,21.7366714357062,42.7347375465818,116.535120776761,587.202889100378,393.345594489001,409.025769903351,509.023299477079,39.272394918934,
Iraq,IRQ,Market capitalization of listed domestic companies (% of GDP),"","","","","","","","","","","","","","","","","","","","","","","","","",
Iceland,ISL,Market capitalization of listed domestic companies (% of GDP),"","","","","","","","","","","","","","","","","","","","","","","","","",
Israel,ISR,Market capitalization of listed domestic companies (% of GDP),48.891506285511,42.7074584690112,33.6158031743919,53.3974883621686,65.5891266547105,83.0924585172182,101.781738460591,127.276821530345,48.6849127080671,88.440059028797,94.966173594574,58.538447579791,61.4044493309309,68.1126588434326,63.6552738134968,80.371745097035,66.4667214161756,64.4574067775514,49.8184578212082,59.2472218081813,63.7979820754197,73.9241266094682,51.3417823340009,51.6400961412921,61.2313498302187,
Italy,ITA,Market capitalization of listed domestic companies (% of GDP),66.8338846929092,45.0041474672888,37.220737888695,38.8419932388667,43.5546561966331,42.792518007615,52.4110721498092,48.2575048827501,21.5961105630954,29.6833177025251,24.9452135870581,18.7035669325814,22.9668008920411,28.5832713098768,27.0245462552316,"","","","","","","","","","",
Jamaica,JAM,Market capitalization of listed domestic companies (% of GDP),39.4298120783592,51.3174515514645,62.1156919663504,"","","","","","","",29.3811530303761,34.676201947138,"",23.4090155341632,21.1306137340566,41.5780973168924,45.9542912051142,63.5079981219446,76.6466769656071,99.6000412802325,84.7141807508785,82.9254548995353,76.3453778487776,62.6333595302512,62.3633225461577,
Jordan,JOR,Market capitalization of listed domestic companies (% of GDP),"","","","","","","",238.675724283465,158.414536891245,129.704176216911,113.748959577007,92.0704602098967,85.2468899811077,74.7782575908316,69.3527660333231,65.9610703120991,61.6003503237498,57.6050492469371,52.4316087593451,47.2695930702197,41.6601839826589,47.2084688202877,52.1461275418128,46.7651840738418,46.675635098739,
Japan,JPN,Market capitalization of listed domestic companies (% of GDP),63.5465700391657,51.7640488871256,49.4710801522655,65.3403699693169,72.7077474943828,94.648292050927,100.269591819727,94.5667556012952,61.014284621295,62.5028140929669,66.4651241298202,53.3500600588401,55.4628538265445,87.1619932991927,89.4016616644297,110.123633038841,99.0331516365327,126.202199426239,105.077091955864,120.96679808146,132.926971755297,129.8692412031,126.22924958757,145.951960431945,156.739964953015,
Kazakhstan,KAZ,Market capitalization of listed domestic companies (% of GDP),"","",5.23383939777092,7.86769203370842,9.13494680692399,18.4313432250061,53.9336613130063,39.463551283721,17.4396900819277,24.2213928029538,18.0163510640156,11.7000070809599,11.318635569647,11.0838438766528,10.3757091141607,18.923033720925,29.2553221457192,27.3121516467191,20.6341332683033,22.3919471381583,22.3593120234174,33.3767070340905,20.3056476432168,22.5627777261206,21.7811036843321,
Kenya,KEN,Market capitalization of listed domestic companies (% of GDP),9.88079817034673,8.0494332531873,10.886208105985,28.0637059062611,24.1745169878422,34.0699412890858,44.057364186041,41.7564881993577,30.2383441599028,25.8973329075644,31.8481975845832,21.7681345962969,"","","","","","","",24.9670356970152,21.2585537863719,20.8888019130207,14.0741142996643,8.51086642986666,12.0498214039509,
Kyrgyz Republic,KGZ,Market capitalization of listed domestic companies (% of GDP),"","","","","","","","","","","","","","","","","","","","","","","","","",
Cambodia,KHM,Market capitalization of listed domestic companies (% of GDP),"","","","","","","","","","","","","","","","","","","","","","","","","",
Kiribati,KIR,Market capitalization of listed domestic companies (% of GDP),"","","","","","","","","","","","","","","","","","","","","","","","","",
St. Kitts and Nevis,KNA,Market capitalization of listed domestic companies (% of GDP),"","","","","","","","","","","","","","","","","","","","","","","","","",
"Korea, Rep.",KOR,Market capitalization of listed domestic companies (% of GDP),29.7237828392462,42.7130206641701,39.969389488968,46.8835001231176,54.0013586627631,76.8007152859777,79.2243527583581,95.7353610950193,44.9517945386898,88.4161282623927,95.4741595286355,79.4820263150368,92.2829831710553,90.0714188439083,81.6954417994574,83.9813820488216,83.6539349622432,109.161241550727,81.9368393336947,89.9127831414539,132.346440274218,122.009402034077,98.2431064158576,114.899959745364,"",
Kuwait,KWT,Market capitalization of listed domestic companies (% of GDP),51.5921215940814,64.8718702226168,82.4952657556514,127.315074427498,122.652717703677,128.368834748995,105.421449379732,"","","","","","","","",83.8792370495861,"","","",83.8740123293793,95.4445413755309,92.0929164077585,83.2050719713681,79.2909393134316,88.2998988560515,
Lao PDR,LAO,Market capitalization of listed domestic companies (% of GDP),"","","","","","","","","","","","","","","","","","","","","","","","","",
Lebanon,LBN,Market capitalization of listed domestic companies (% of GDP),9.00479227517294,6.95760514150412,6.92582216334165,7.05943203963666,10.4267860817677,22.3741206277333,36.979826982912,43.282540542639,32.9118362966775,36.299354220882,33.028250708461,22.6591315606286,20.6253069279846,22.7563919423535,23.5535911321337,22.7941136275357,23.7012079238305,21.6712664996016,17.6227910426063,14.9901292994513,21.1362982211629,45.7258634085464,"","","",
Liberia,LBR,Market capitalization of listed domestic companies (% of GDP),"","","","","","","","","","","","","","","","","","","","","","","","","",
Libya,LBY,Market capitalization of listed domestic companies (% of GDP),"","","","","","","","","","","","","","","","","","","","","","","","","",
St. Lucia,LCA,Market capitalization of listed domestic companies (% of GDP),"","","","","","","","","","","","","","","","","","","","","","","","","",
Liechtenstein,LIE,Market capitalization of listed domestic companies (% of GDP),"","","","","","","","","","","","","","","","","","","","","","","","","",
Sri Lanka,LKA,Market capitalization of listed domestic companies (% of GDP),6.57738180204765,8.45429088289169,10.1618019388261,14.3581383267086,17.6987073622528,23.4370194742134,27.471372990836,23.3481120678475,10.5270135441605,22.6943592058388,33.9787933460297,28.6878935453489,24.0946495106855,24.4239075181044,28.6750755908622,24.4494492824452,21.225828436206,20.0907603396914,16.4902248431908,17.6637848505495,18.9503777964471,30.553193970152,14.2942922508869,15.6745158045432,19.7056510454571,
Lesotho,LSO,Market capitalization of listed domestic companies (% of GDP),"","","","","","","","","","","","","","","","","","","","","","","","","",
Lithuania,LTU,Market capitalization of listed domestic companies (% of GDP),"","","","","","","","","","","","","","","","","","","","","","","","","",
Luxembourg,LUX,Market capitalization of listed domestic companies (% of GDP),160.227163454684,106.18503430607,103.810625872821,125.839729117468,143.002348152922,136.037452036625,185.302514354961,321.935192395978,113.205111188361,192.864727063847,179.899215868871,109.613445974793,117.669179447441,120.608724378796,91.8068202758397,78.4586932657234,97.8997356843619,104.454120441202,69.6099120568322,63.3066003130637,69.9974379662876,70.8371053804265,62.9898533668131,61.4599733220071,44.9175211821158,
Latvia,LVA,Market capitalization of listed domestic companies (% of GDP),"","","","","","","","","","","","","","","","","","","","","","","","","",
"Macao SAR, China",MAC,Market capitalization of listed domestic companies (% of GDP),"","","","","","","","","","","","","","","","","","","","","","","","","",
St. Martin (French part),MAF,Market capitalization of listed domestic companies (% of GDP),"","","","","","","","","","","","","","","","","","","","","","","","","",
Morocco,MAR,Market capitalization of listed domestic companies (% of GDP),"","","","","","","","","","",68.558850063747,54.5853428279965,49.0752943061418,46.5108963891444,44.2763598199818,41.596168307595,51.6072402972498,56.5616295712872,47.9662553384442,50.740866290361,54.0361271959501,52.58349359001,41.012623102578,43.9498082787889,48.2154759735283,
Monaco,MCO,Market capitalization of listed domestic companies (% of GDP),"","","","","","","","","","","","","","","","","","","","","","","","","",
Moldova,MDA,Market capitalization of listed domestic companies (% of GDP),"","","","","","","","","","","","","","","","","","","","","","","","","",
Madagascar,MDG,Market capitalization of listed domestic companies (% of GDP),"","","","","","","","","","","","","","","","","","","","","","","","","",
Maldives,MDV,Market capitalization of listed domestic companies (% of GDP),"","","","","","","","","","","","","","","","","","","","","","","","","",
Mexico,MEX,Market capitalization of listed domestic companies (% of GDP),16.872436951044,15.8603185594407,12.8216966143023,16.0058735732091,20.9164756798276,26.0609508759757,34.1426110116069,36.0795242731948,20.1501633857724,37.3151874616726,41.1014345575228,33.2534803159863,41.8335048200844,39.6264320772738,35.1955004539485,33.1538048414596,31.5409987585363,35.0225076508926,30.6496357541895,31.7166515090775,35.6461742104573,34.9170804591075,30.9840644815806,32.147764338033,22.5401220723747,
Marshall Islands,MHL,Market capitalization of listed domestic companies (% of GDP),"","","","","","","","","","","","","","","","","","","","","","","","","",
North Macedonia,MKD,Market capitalization of listed domestic companies (% of GDP),"","","","","","","","","","","","","","","","","","","","","","","","","",
Mali,MLI,Market capitalization of listed domestic companies (% of GDP),"","","","","","","","","","","","","","","","","","","","","","","","","",
Malta,MLT,Market capitalization of listed domestic companies (% of GDP),50.1467759909051,33.3312276928565,30.8345840044313,34.1504678667243,46.522840263416,63.7001458938902,66.7210001945332,71.2330077606009,39.1472991919776,46.7134381685482,46.0976105648072,35.0269006631698,37.7906016661087,39.3560761963069,30.633747755702,38.8448956815482,36.8637100894663,36.5161788237121,31.2795528533152,32.5376862547888,30.9608822386701,24.4233758037313,22.6567784858955,23.2028514654581,17.6290553206334,
Myanmar,MMR,Market capitalization of listed domestic companies (% of GDP),"","","","","","","","","","","","","","","","","","","","","","","","","",
Montenegro,MNE,Market capitalization of listed domestic companies (% of GDP),"","","","","","","","",76.2986874430451,"",77.7881382536183,77.2178517193037,92.6535947649472,"","","","","","","","","","","","",
Mongolia,MNG,Market capitalization of listed domestic companies (% of GDP),"","","","","","","","","","","","","","","","","","","","","","","","","",
Northern Mariana Islands,MNP,Market capitalization of listed domestic companies (% of GDP),"","","","","","","","","","","","","","","","","","","","","","","","","",
Mozambique,MOZ,Market capitalization of listed domestic companies (% of GDP),"","","","","","","","","","","","","","","","","","","","","","","","","",
Mauritania,MRT,Market capitalization of listed domestic companies (% of GDP),"","","","","","","","","","","","","","","","","","","","","","","","","",
Mauritius,MUS,Market capitalization of listed domestic companies (% of GDP),26.2939364975662,20.9187568338684,24.2635564109713,32.1548861910356,31.7806647338772,35.3753290199026,70.5455051376004,97.1648349626309,46.6649004860512,72.1016882566254,77.4992524242021,68.1096406870469,61.5330089655605,72.7435842387477,66.9338612365999,60.2846218391869,60.0937262554087,71.0461635938172,66.8277226004756,59.6810953086244,53.9932724943147,77.790914492215,66.3735212753441,60.2851003642362,61.0258229903259,
Malawi,MWI,Market capitalization of listed domestic companies (% of GDP),"","","","","","","","","","","","","","","","","","","","","","","","","",
Malaysia,MYS,Market capitalization of listed domestic companies (% of GDP),120.648371356983,128.234240269557,124.723589231054,145.926264838133,145.590826667342,125.766041229351,144.801542772477,168.065607625866,81.9885994542405,142.995665008995,160.25915794494,132.781206347852,148.385398722841,154.786326680734,135.773559270401,127.084770695097,119.429409980014,142.826543755907,110.933967082941,110.619393447663,129.361356116813,110.835227586043,93.5234781570067,94.5833777436385,106.5166127333,
Namibia,NAM,Market capitalization of listed domestic companies (% of GDP),7.73258663062873,4.23068777768586,2.47673316970718,1.39981525461919,1.39546868523884,1.67400007196866,1.97192973129376,1.96376009614655,0.565405371093166,0.34781901225469,0.0102898045899,0.00920224325965206,"","","","",21.7957002861547,22.6071801560412,17.9939816356943,20.802303576206,17.641859050922,19.2562197984981,17.1740223363258,19.1852669406971,18.5473698212898,
New Caledonia,NCL,Market capitalization of listed domestic companies (% of GDP),"","","","","","","","","","","","","","","","","","","","","","","","","",
Niger,NER,Market capitalization of listed domestic companies (% of GDP),"","","","","","","","","","","","","","","","","","","","","","","","","",
Nigeria,NGA,Market capitalization of listed domestic companies (% of GDP),"","",2.49746304094199,"",11.6863487355575,12.6623372394599,13.7680108996699,30.5089885897553,14.157772828727,10.9228592961917,13.7732206730148,9.41653266274502,12.1139463006316,15.4984113294142,10.9313975768097,10.1361410534871,7.36253513008307,9.90500142094976,7.47394269971606,9.25605501323802,12.7821103190795,12.3018289864618,13.0666664683955,12.766263064444,28.9737036764933,
Nicaragua,NIC,Market capitalization of listed domestic companies (% of GDP),"","","","","","","","","","","","","","","","","","","","","","","","","",
Netherlands,NLD,Market capitalization of listed domestic companies (% of GDP),153.347875206993,116.296129000494,84.3832636266349,83.8972318430928,81.4645215702462,86.1512247276605,105.687226981034,112.027912592059,40.5804577193057,63.6205271307722,77.5514787848426,65.1199199733609,76.9563251818248,92.520940788116,87.2461702031486,93.9080269930281,101.073868205409,129.693697691587,"","","","","","","",
Norway,NOR,Market capitalization of listed domestic companies (% of GDP),38.3618239755038,39.8678016056598,32.7539026041703,41.8160358096047,53.3157059267176,61.6425045104322,80.956779014244,88.1474557826245,31.3832719367996,58.5688278046343,68.5040787178644,44.0673663186473,47.343140061185,50.4505324665449,43.7220896457139,49.9525952303215,62.340776578694,71.4861425501006,60.7978865898745,72.3067416526895,"","","","","",
Nepal,NPL,Market capitalization of listed domestic companies (% of GDP),"","","","","","","","","","","","","","","","","","","","","","","","","",
Nauru,NRU,Market capitalization of listed domestic companies (% of GDP),"","","","","","","","","","","","","","","","","","","","","","","","","",
New Zealand,NZL,Market capitalization of listed domestic companies (% of GDP),35.3706749330352,33.0814506619429,32.6615062900851,37.4497771823227,42.0877162604572,35.3839035565894,40.1802204216181,34.6132841492878,18.1430840266328,29.1844864815604,"","",29.9444308017025,34.532612736482,36.9274909738716,41.7174063511224,42.3312652583119,45.8007865136643,40.6313529475139,50.6462762760696,62.056394106869,48.4033313924149,39.0949073569608,37.8448129241583,35.6855831117583,
Oman,OMN,Market capitalization of listed domestic companies (% of GDP),18.7665901761929,18.2975363371242,"","",33.2461751606074,43.0027217558818,37.8226518376896,55.2423074334329,29.4950705106949,40.518142983102,43.5673580432173,34.6634534764311,34.6547318105134,40.8808391458745,40.8099908116085,52.2459097517537,30.9938176539677,26.3415162724273,20.5259004092769,19.4405100503848,21.7107497122026,21.647214870741,20.2703352518088,"","",
Pakistan,PAK,Market capitalization of listed domestic companies (% of GDP),6.65890653032432,5.04747416993835,"","",34.4857001647418,31.2084074630255,27.7420742767631,37.8598135226371,11.5497562055904,17.0211151982192,19.3214646251835,14.1239485187444,"","","","","","",15.5852626074334,15.7558109966212,16.735760320321,12.3657220726544,7.65928068341595,9.54636022154034,13.9580671122702,
Panama,PAN,Market capitalization of listed domestic companies (% of GDP),23.3485204567385,21.2365942927353,24.1741734786029,23.6704555077768,27.8314131848052,35.8688249856455,38.3253308469797,33.1682834460856,27.4682551383039,27.7875575467363,27.614029892055,29.9310085447471,30.1571520591475,26.7734500624517,26.7483266397133,23.6235041708051,22.6970801542381,23.354966236561,23.2450241687654,24.7553019941051,24.4277733905225,22.9356192914925,20.4887200294506,24.4292431223372,21.2009218598569,
Peru,PER,Market capitalization of listed domestic companies (% of GDP),18.8423176521729,18.8166444816383,20.887095654701,24.0503699163637,27.0691642240112,31.7374804780876,45.1490504997054,67.9121108782488,31.4198021892782,59.3120084705572,70.0529649494702,47.669633183666,53.2658647644407,40.2521691068593,39.2655671247928,29.7970564565299,42.2562660609831,47.0209506205012,41.9526570053199,43.3399128506845,43.2412799719185,34.4745527581514,28.9820838854823,31.8286661448181,28.4196149646536,
Philippines,PHL,Market capitalization of listed domestic companies (% of GDP),31.0514231050288,26.9197132381752,21.9523338152371,26.6267940164111,30.1066399599336,37.0496447621849,53.1532977194421,65.9395246330944,28.6473266605487,49.0692142560548,75.5009529593676,70.4759304746033,87.5519877735432,76.5474092245928,88.0185359161982,77.9321773962335,75.2409695225553,88.4074429528496,74.4499417575396,73.0757984678588,75.4082726288147,72.426392998245,59.0031215105936,54.102065105722,54.5534808934638,
Palau,PLW,Market capitalization of listed domestic companies (% of GDP),"","","","","","","","","","","","","","","","","","","","","","","","","",
Papua New Guinea,PNG,Market capitalization of listed domestic companies (% of GDP),"","","",83.7730487056588,97.3994458480076,126.151767722274,92.6921898063605,135.786178078356,95.8082658379941,150.731147162279,77.3799387476471,70.0158650653174,"",13.7900539987335,14.2629145859288,7.91246799114239,7.9153607574728,7.39393327841189,"","","","","","","",
Poland,POL,Market capitalization of listed domestic companies (% of GDP),18.0854189773358,13.5628276192053,14.2119263285127,16.938169078654,27.5222460135959,30.6281878177265,43.0326538181847,49.246625071673,16.9554611919524,34.2400657537313,39.8873250013526,26.1901319662927,35.6135422841943,39.4732746489949,31.1538434994729,28.6987601328276,29.3054964909965,38.116840598946,26.9892584960954,25.1572827261554,29.2959207866185,28.6415501210715,21.2270907289266,26.0513921946412,21.5767191667941,
"Korea, Dem. People's Rep.",PRK,Market capitalization of listed domestic companies (% of GDP),"","","","","","","","","","","","","","","","","","","","","","","","","",
Portugal,PRT,Market capitalization of listed domestic companies (% of GDP),51.1619167153418,38.1054645935004,31.7854299029532,35.2757302592295,37.0892347497419,33.9528941680511,49.9085515017207,54.9857207589633,26.147203213487,40.1553514289654,34.388261573571,25.1357627304285,30.2577101379439,34.929771165415,25.1106299790806,30.0631199740327,27.7526498262106,34.224669578664,25.5825785281109,"","","","","","",
Paraguay,PRY,Market capitalization of listed domestic companies (% of GDP),"","","","","","","","","","","","","","","","","","","","","","","","","",
West Bank and Gaza,PSE,Market capitalization of listed domestic companies (% of GDP),10.503987388724,12.7961635487174,11.765284886664,11.6224798387097,16.8890530294801,61.6795754726184,36.1490567096087,30.1478755781763,24.9036988400088,29.3772957196037,25.3049630739038,24.8743529916593,23.4194489040333,24.0278199104732,22.7829045655018,23.898542841602,22.0060498266841,24.1287822420635,22.9465613211604,21.9307205182829,22.1927412968316,24.3366281959247,25.5468419816858,25.9136929274593,29.7573498844002,
French Polynesia,PYF,Market capitalization of listed domestic companies (% of GDP),"","","","","","","","","","","","","","","","","","","","","","","","","",
Qatar,QAT,Market capitalization of listed domestic companies (% of GDP),"","","","","","","",119.813998731699,66.3924121806651,"","","","",76.776550922667,90.1251748275921,88.1392971152391,102.03760774205,81.0743461515327,88.9341648190308,90.7464816090226,114.529616064394,101.984471462976,70.3863665543314,80.5399001689378,0.0781345452437306,
Romania,ROU,Market capitalization of listed domestic companies (% of GDP),0.97651941730934,2.73077563169023,5.4031755955645,5.88689303169694,14.6238031601838,16.1067897443055,20.6803781204571,17.5509786392058,7.06874185894337,7.50843145464021,8.35035087829993,7.28046432916294,"",12.9475557323957,11.2089825695727,10.4219559390574,9.75369202072756,11.2402920949258,8.56528640170173,10.3745242661979,10.122920313761,11.2670399943839,9.78015986230163,13.6453804116284,12.3870185332987,
Russian Federation,RUS,Market capitalization of listed domestic companies (% of GDP),"","","","","","","","","",62.3022520228711,62.3834443220917,38.2983555316841,37.3745813164403,33.6168671198513,18.7412046208563,28.8406966467407,48.7200957478332,39.602665063004,34.7617412564913,46.749301656053,46.530736489909,46.0231916726114,23.1323758966358,31.4016892224808,"",
Rwanda,RWA,Market capitalization of listed domestic companies (% of GDP),"","","","","","","","","","","","","","","","","","",35.5518151611298,31.0573653681401,34.3376957241179,32.2467610335665,25.8683414725849,20.464043725417,19.3294215168589,
Saudi Arabia,SAU,Market capitalization of listed domestic companies (% of GDP),"","","","","","","","","",74.2799498109833,66.907344614086,49.785927146091,49.6560921266586,60.7161154846005,61.3750400599765,60.7227179014454,65.1159785322029,60.8929532461216,55.9861140437789,270.766825926444,316.309469924651,271.846631622595,212.948427181821,247.448122597759,220.358430406636,
Sudan,SDN,Market capitalization of listed domestic companies (% of GDP),"","","","","","","","","","","","","","","","","","","","","","","","","",
Senegal,SEN,Market capitalization of listed domestic companies (% of GDP),"","","","","","","","","","","","","","","","","","","","","","","","","",
Singapore,SGP,Market capitalization of listed domestic companies (% of GDP),159.06735413049,128.838084612793,109.66855894787,152.082041256752,189.071169679057,201.348948879397,258.557065400294,297.983619007377,136.854696241243,247.873292096872,269.893607545621,214.161010016908,259.266824418157,242.025501759684,239.097519054618,207.778870981435,200.354957719034,229.070821052711,182.236528957131,185.364638684577,186.906779122191,151.947222728145,121.677793965904,120.351945793083,116.486267026321,
Solomon Islands,SLB,Market capitalization of listed domestic companies (% of GDP),"","","","","","","","","","","","","","","","","","","","","","","","","",
Sierra Leone,SLE,Market capitalization of listed domestic companies (% of GDP),"","","","","","","","","","","","","","","","","","","","","","","","","",
El Salvador,SLV,Market capitalization of listed domestic companies (% of GDP),"","","","","","","","","","","","","","","","","","","","","","","","","",
San Marino,SMR,Market capitalization of listed domestic companies (% of GDP),"","","","","","","","","","","","","","","","","","","","","","","","","",
"Somalia, Fed. Rep.",SOM,Market capitalization of listed domestic companies (% of GDP),"","","","","","","","","","","","","","","","","","","","","","","","","",
Serbia,SRB,Market capitalization of listed domestic companies (% of GDP),"","","",6.04669738569774,12.1431298711607,24.6931133654438,47.6398963088654,65.9480059495498,28.2824394181714,30.4389103533291,9.55140550209256,7.91315723168899,"","","","","","","","","","","","","",
Sao Tome and Principe,STP,Market capitalization of listed domestic companies (% of GDP),"","","","","","","","","","","","","","","","","","","","","","","","","",
Suriname,SUR,Market capitalization of listed domestic companies (% of GDP),"","","","","","","","","","","","","","","","","","","","","","","","","",
Slovak Republic,SVK,Market capitalization of listed domestic companies (% of GDP),1.49296307039807,1.76882227987849,2.62949433204343,2.77766401672803,4.21050423296747,3.92971749787046,8.24210676196869,7.98129070044206,5.33678148212231,5.69918278109762,4.57336316401458,5.44688259950604,5.69789866816871,5.66460978157076,5.28639997202104,"","","","","","","","","","",
Slovenia,SVN,Market capitalization of listed domestic companies (% of GDP),15.375865261009,16.7463930856522,24.0275583378415,24.2983320056533,28.3307566522024,21.9731108317048,38.6694023762688,60.2749777391835,21.2565878679241,24.2937240258579,19.7274221567859,12.3553896687377,14.0248281954577,14.892141835698,15.1861880977417,14.1303327898346,11.8815726069095,13.1213293868957,13.5344499717059,14.6972942975039,15.8257712100048,17.5104761818448,13.6352131410655,14.6191235053701,15.7825323732276,
Sweden,SWE,Market capitalization of listed domestic companies (% of GDP),124.888759596644,97.5320089855114,66.9914833263746,86.7703250169263,"","","","","","","","","","","","","","","","","","","","","",
Eswatini,SWZ,Market capitalization of listed domestic companies (% of GDP),4.20172940631437,8.23999155560531,10.3175364514744,7.83810157519717,8.01564489989251,6.17756608935647,6.00061369870266,6.75221269642249,"","","","","","","","","","","","","","","","","",
Sint Maarten (Dutch part),SXM,Market capitalization of listed domestic companies (% of GDP),"","","","","","","","","","","","","","","","","","","","","","","","","",
Seychelles,SYC,Market capitalization of listed domestic companies (% of GDP),"","","","","","","","","","","","","","","","","","",15.9024707336089,60.8201435853947,88.5688364728686,81.3946563762908,60.2389107393345,29.9399314912877,37.4236431471992,
Syrian Arab Republic,SYR,Market capitalization of listed domestic companies (% of GDP),"","","","","","","","","","","","","","","","","","","","","","","","","",
Turks and Caicos Islands,TCA,Market capitalization of listed domestic companies (% of GDP),"","","","","","","","","","","","","","","","","","","","","","","","","",
Chad,TCD,Market capitalization of listed domestic companies (% of GDP),"","","","","","","","","","","","","","","","","","","","","","","","","",
Togo,TGO,Market capitalization of listed domestic companies (% of GDP),"","","","","","","","","","","","","","","","","","","","","","","","","",
Thailand,THA,Market capitalization of listed domestic companies (% of GDP),23.1164536999775,29.8788303209298,33.8823928277229,78.1565006207934,66.7398841658664,65.4373555123935,63.204526060362,74.9704855413473,35.3926777533887,62.8148358769195,81.4212428013938,72.4043289377754,98.0375193317579,84.3061116159037,105.667900084202,86.9178369426315,104.739096376679,120.255772176784,98.8133934943694,104.642042313034,108.532657860554,118.315809495129,121.933117198961,100.715997492965,98.7197718076555,
Tajikistan,TJK,Market capitalization of listed domestic companies (% of GDP),"","","","","","","","","","","","","","","","","","","","","","","","","",
Turkmenistan,TKM,Market capitalization of listed domestic companies (% of GDP),"","","","","","","","","","","","","","","","","","","","","","","","","",
Tonga,TON,Market capitalization of listed domestic companies (% of GDP),"","","","","","","","","","","","","","","","","","","","","","","","","",
Trinidad and Tobago,TTO,Market capitalization of listed domestic companies (% of GDP),41.9223274094571,44.0698749158292,"","","","","","","","","","","","","","","","","","","","","","","",
Tunisia,TUN,Market capitalization of listed domestic companies (% of GDP),"","","","","","","","","","",23.0526096305682,20.0775192369722,"",17.665484520514,17.3929872268739,19.2646515313656,19.0491121619026,21.1618663687427,19.5119982425444,20.2913724958912,20.1726305999476,17.1647223947847,17.2503944890074,16.500318501019,15.5440399729346,
Turkiye,TUR,Market capitalization of listed domestic companies (% of GDP),25.4146141094093,23.9837624751534,15.002750986417,21.7355252439207,24.041651050574,31.600345480559,28.8784769829291,41.7616348376161,15.261792762788,35.6815430675425,38.9261109336193,23.4952212945715,35.7952896792906,20.4370118859892,23.4055234330481,21.8510785911793,19.7502952781292,26.4860148759569,19.1616052050249,24.305469401967,32.9669486205182,16.8802427463409,36.3801470009873,30.18861049549,28.6385681496936,
Tuvalu,TUV,Market capitalization of listed domestic companies (% of GDP),"","","","","","","","","","","","","","","","","","","","","","","","","",
Tanzania,TZA,Market capitalization of listed domestic companies (% of GDP),1.73111002147242,2.93497709260784,"","","","","","","","","","","","","","","","","",6.45341783135399,9.81096387975383,9.67778530775594,8.83842187324102,7.33365002658577,9.29120659371546,
Uganda,UGA,Market capitalization of listed domestic companies (% of GDP),"","","","","","","","","","","","","","","","","","","","","","","","","",
Ukraine,UKR,Market capitalization of listed domestic companies (% of GDP),"","","","","","","","","","",27.5459447019726,15.1499905317,"",11.5743871738678,9.17299238533255,6.28312555486929,4.77023033306238,4.63732409467645,3.37336946125581,"","","","","","",
Uruguay,URY,Market capitalization of listed domestic companies (% of GDP),"","","","","","","","","","","","","","","","","","","","","","","","","",
United States,USA,Market capitalization of listed domestic companies (% of GDP),147.379004408566,132.146662484694,101.146680955115,124.5260586831,133.612707285698,130.382756468822,141.644203505563,137.639671145155,78.4724852540938,104.138803474248,114.848062900779,100.262665025271,114.85399080963,142.380811961222,149.536476770003,137.018385168116,145.452418312172,163.780010169231,147.344852587919,158.243991893772,194.669183138324,205.009026453971,154.951152065724,176.688834690339,213.074934735063,
Uzbekistan,UZB,Market capitalization of listed domestic companies (% of GDP),"","","","","","","","","","","","","","","","","","","","",7.8714222834672,6.71580808160246,9.35316425620265,13.3683931943064,16.3523872580379,
St. Vincent and the Grenadines,VCT,Market capitalization of listed domestic companies (% of GDP),"","","","","","","","","","","","","","","","","","","","","","","","","",
"Venezuela, RB",VEN,Market capitalization of listed domestic companies (% of GDP),6.91442113142021,5.05715366538509,4.28404166217622,"","","","","","","","","","","","","","","","","","","","","","",
British Virgin Islands,VGB,Market capitalization of listed domestic companies (% of GDP),"","","","","","","","","","","","","","","","","","","","","","","","","",
Virgin Islands (U.S.),VIR,Market capitalization of listed domestic companies (% of GDP),"","","","","","","","","","","","","","","","","","","","","","","","","",
Viet Nam,VNM,Market capitalization of listed domestic companies (% of GDP),"","","","","","","","",12.4743294625406,31.4174488624273,25.0371566323507,15.0419267102074,18.7665651023022,21.11631613762,22.4572105585181,24.5483742903205,28.4804887315354,44.5382693488122,42.7765974728133,44.8064716103622,53.6641904330945,76.0745639070541,41.1547279732429,43.2902972706012,42.9514977454551,
Vanuatu,VUT,Market capitalization of listed domestic companies (% of GDP),"","","","","","","","","","","","","","","","","","","","","","","","","",
Samoa,WSM,Market capitalization of listed domestic companies (% of GDP),"","","","","","","","","","","","","","","","","","","","","","","","","",
Kosovo,XKX,Market capitalization of listed domestic companies (% of GDP),"","","","","","","","","","","","","","","","","","","","","","","","","",
"Yemen, Rep.",YEM,Market capitalization of listed domestic companies (% of GDP),"","","","","","","","","","","","","","","","","","","","","","","","","",
South Africa,ZAF,Market capitalization of listed domestic companies (% of GDP),134.62739903311,108.89140695731,140.988329763187,132.346786813873,172.98973762329,190.160141857243,234.066813839965,248.646717861805,152.689734673108,242.308994901215,221.63088879878,172.203841100111,208.959958791186,235.18209117446,244.998286733782,212.265471080764,293.993488633205,322.710975289918,213.52368956176,271.322875855492,311.126474477926,271.570220112287,287.955400759637,269.458639914273,246.263825136957,
Zambia,ZMB,Market capitalization of listed domestic companies (% of GDP),"",7.32700698166154,"",15.4155462378951,26.522275635625,30.2059435505681,23.1448824770365,"","","","",13.5743213898165,"","","","","","","","",14.9769831640579,18.259838291498,13.8433005038651,12.5325819685149,29.4963013067571,
Zimbabwe,ZWE,Market capitalization of listed domestic companies (% of GDP),"","","","","","","","","","","","","","","","","","","","","","","","","",
